 {
    "$schema": "https://schema.management.azure.com/schemas/2019-04-01/deploymentTemplate.json#",
    "contentVersion": "1.0.0.0",
    "parameters": {
        "planname": {
            "type": "string",
            "metadata": {
                "description": "description"
            }
        },
        "skutype": {
            "type": "string",
            "metadata": {
                "description": "description"
            }
        },
        "webappname": {
            "type": "string",
            "metadata": {
                "description": "description"
            }
        }
    },
    "functions": [],
    "variables": {},
    "resources": [
        {
            "name": "[parameters('planname')]",
            "type": "Microsoft.Web/serverfarms",
            "apiVersion": "2020-12-01",
            "location": "[resourceGroup().location]",
            "sku": {
                "name": "[parameters('skutype')]",
                "capacity": 1
            },
            "properties": {
                "name": "[parameters('planname')]"
            }
        },
        {
            "name": "[parameters('webappname')]",
            "type": "Microsoft.Web/sites",
            "apiVersion": "2020-12-01",
            "location": "[resourceGroup().location]",
            "dependsOn": [
                "[resourceId('Microsoft.Web/serverfarms', parameters('planname'))]"
            ],
            "properties": {
                "name": "[parameters('webappname')]",
                "serverFarmId": "[resourceId('Microsoft.Web/serverfarms', parameters('planname'))]"
            }
        }
    ],
    "outputs": {}
}