{
    "$schema": "https://schema.management.azure.com/schemas/2019-04-01/deploymentTemplate.json#",
    "contentVersion": "1.0.0.0",
    "parameters": {},
    "functions": [],
    "variables": {},
    "resources": [
        {
            "name": "vmstore593593",
            "type": "Microsoft.Storage/storageAccounts",
            "apiVersion": "2021-04-01",
            "location": "[resourceGroup().location]",
            "sku": {
                "name": "Standard_LRS"
            },
            "kind": "Storage"
        },
        {
            "name": "app-nsg",
            "type": "Microsoft.Network/networkSecurityGroups",
            "apiVersion": "2020-11-01",
            "location": "[resourceGroup().location]",
            "properties": {
                "securityRules": [
                    {
                        "name": "nsgRule1",
                        "properties": {
                            "description": "description",
                            "protocol": "Tcp",
                            "sourcePortRange": "*",
                            "destinationPortRange": "3389",
                            "sourceAddressPrefix": "*",
                            "destinationAddressPrefix": "*",
                            "access": "Allow",
                            "priority": 100,
                            "direction": "Inbound"
                        }
                    },
                     {
                        "name": "nsgRule1",
                        "properties": {
                            "description": "description",
                            "protocol": "Tcp",
                            "sourcePortRange": "*",
                            "destinationPortRange": "80",
                            "sourceAddressPrefix": "*",
                            "destinationAddressPrefix": "*",
                            "access": "Allow",
                            "priority": 110,
                            "direction": "Inbound"
                        }
                    }
                ]
            }
        },
        {
            "type" : "Microsoft.Compute/virtualMachines/extensions",
            "name" : "[concat('appvm','/app-interface')]",
            "location" : "[resourceGroup().location]",
            "apiVersion" : "2018-10-01",
            "dependsOn" : [
                "[resourceId('Microsoft.Compute/virtualMachines/', 'appvm')]"
            ],
            "properties" : {
                "publisher" : "Microsoft.Compute",
                "type" : "CustomScriptExtension",
                "typeHandlerVersion" : "1.10",
                "autoUpgradeMinorVersion" : true,
                "settings" : {
                    "fileUris" : [
                        "https://appstore322322.blob.core.windows.net/data/InstallIIS.ps1?sp=r&st=2022-08-15T14:38:49Z&se=2022-08-15T22:38:49Z&spr=https&sv=2021-06-08&sr=b&sig=WQHoCUta0YhTqQ4mCaSwi%2F8feJoczuPR9yzdKx6%2BfqU%3D"
                    ],
                    "commandToExecute": "Powershell -ExcutionPolicy Unrestricted -File InstallIIS.ps1"
                }
            }
        },
        {
            "name": "appvm",
            "type": "Microsoft.Compute/virtualMachines",
            "apiVersion": "2021-03-01",
            "location": "[resourceGroup().location]",
            "dependsOn": [
                "[resourceId('Microsoft.Storage/storageAccounts', toLower('vmstore593593'))]"
            ],
            "properties": {
                "hardwareProfile": {
                    "vmSize": "Standard_DS1_v2"
                },
                "osProfile": {
                    "computerName": "appvm",
                    "adminUsername": "demouser",
                    "adminPassword": "Azure#104"
                },
                "storageProfile": {
                    "imageReference": {
                        "publisher": "MicrosoftWindowsServer",
                        "offer": "WindowsServer",
                        "sku": "2019-Datacenter",
                        "version": "latest"
                    },
                    "osDisk": {
                        "name": "windowsVM1OSDisk",
                        "caching": "ReadWrite",
                        "createOption": "FromImage"
                    }
                },
                "networkProfile": {
                    "networkInterfaces": [
                        {
                            "id": "[resourceId('Microsoft.Network/networkInterfaces', 'app-interface')]"
                        }
                    ]
                },
                "diagnosticsProfile": {
                    "bootDiagnostics": {
                        "enabled": true,
                        "storageUri": "[reference(resourceId('Microsoft.Storage/storageAccounts/', toLower('vmstore593593'))).primaryEndpoints.blob]"
                    }
                }
            }
        }
    ],
    "outputs": {}
}